Origin_Code,Origin_Name,Office_Code,Indicator_Code,Indicator_Name,Year,Value,Unit,Source
ARG,Argentina,ARG,WIPO_RES_PAT_PM,Patent applications by residents per million population,2018,8.28,Applications per million population,WIPO IP Statistics Data Center
ARG,Argentina,ARG,WIPO_RES_PAT_PM,Patent applications by residents per million population,2019,8.46,Applications per million population,WIPO IP Statistics Data Center
ARG,Argentina,ARG,WIPO_RES_PAT_PM,Patent applications by residents per million population,2020,8.65,Applications per million population,WIPO IP Statistics Data Center
ARG,Argentina,ARG,WIPO_RES_PAT_PM,Patent applications by residents per million population,2021,8.83,Applications per million population,WIPO IP Statistics Data Center
ARG,Argentina,ARG,WIPO_RES_PAT_PM,Patent applications by residents per million population,2022,9.02,Applications per million population,WIPO IP Statistics Data Center
ARG,Argentina,ARG,WIPO_RES_PAT_PM,Patent applications by residents per million population,2023,9.2,Applications per million population,WIPO IP Statistics Data Center
KEN,Kenya,KEN,WIPO_RES_PAT_PM,Patent applications by residents per million population,2018,4.05,Applications per million population,WIPO IP Statistics Data Center
KEN,Kenya,KEN,WIPO_RES_PAT_PM,Patent applications by residents per million population,2019,4.14,Applications per million population,WIPO IP Statistics Data Center
KEN,Kenya,KEN,WIPO_RES_PAT_PM,Patent applications by residents per million population,2020,4.23,Applications per million population,WIPO IP Statistics Data Center
KEN,Kenya,KEN,WIPO_RES_PAT_PM,Patent applications by residents per million population,2021,4.32,Applications per million population,WIPO IP Statistics Data Center
KEN,Kenya,KEN,WIPO_RES_PAT_PM,Patent applications by residents per million population,2022,4.41,Applications per million population,WIPO IP Statistics Data Center
KEN,Kenya,KEN,WIPO_RES_PAT_PM,Patent applications by residents per million population,2023,4.5,Applications per million population,WIPO IP Statistics Data Center
MEX,Mexico,MEX,WIPO_RES_PAT_PM,Patent applications by residents per million population,2018,7.92,Applications per million population,WIPO IP Statistics Data Center
MEX,Mexico,MEX,WIPO_RES_PAT_PM,Patent applications by residents per million population,2019,8.1,Applications per million population,WIPO IP Statistics Data Center
MEX,Mexico,MEX,WIPO_RES_PAT_PM,Patent applications by residents per million population,2020,8.27,Applications per million population,WIPO IP Statistics Data Center
MEX,Mexico,MEX,WIPO_RES_PAT_PM,Patent applications by residents per million population,2021,8.45,Applications per million population,WIPO IP Statistics Data Center
MEX,Mexico,MEX,WIPO_RES_PAT_PM,Patent applications by residents per million population,2022,8.62,Applications per million population,WIPO IP Statistics Data Center
MEX,Mexico,MEX,WIPO_RES_PAT_PM,Patent applications by residents per million population,2023,8.8,Applications per million population,WIPO IP Statistics Data Center
NLD,Netherlands,NLD,WIPO_RES_PAT_PM,Patent applications by residents per million population,2018,106.65,Applications per million population,WIPO IP Statistics Data Center
NLD,Netherlands,NLD,WIPO_RES_PAT_PM,Patent applications by residents per million population,2019,109.02,Applications per million population,WIPO IP Statistics Data Center
NLD,Netherlands,NLD,WIPO_RES_PAT_PM,Patent applications by residents per million population,2020,111.39,Applications per million population,WIPO IP Statistics Data Center
NLD,Netherlands,NLD,WIPO_RES_PAT_PM,Patent applications by residents per million population,2021,113.76,Applications per million population,WIPO IP Statistics Data Center
NLD,Netherlands,NLD,WIPO_RES_PAT_PM,Patent applications by residents per million population,2022,116.13,Applications per million population,WIPO IP Statistics Data Center
NLD,Netherlands,NLD,WIPO_RES_PAT_PM,Patent applications by residents per million population,2023,118.5,Applications per million population,WIPO IP Statistics Data Center
NZL,New Zealand,NZL,WIPO_RES_PAT_PM,Patent applications by residents per million population,2018,57.42,Applications per million population,WIPO IP Statistics Data Center
NZL,New Zealand,NZL,WIPO_RES_PAT_PM,Patent applications by residents per million population,2019,58.7,Applications per million population,WIPO IP Statistics Data Center
NZL,New Zealand,NZL,WIPO_RES_PAT_PM,Patent applications by residents per million population,2020,59.97,Applications per million population,WIPO IP Statistics Data Center
NZL,New Zealand,NZL,WIPO_RES_PAT_PM,Patent applications by residents per million population,2021,61.25,Applications per million population,WIPO IP Statistics Data Center
NZL,New Zealand,NZL,WIPO_RES_PAT_PM,Patent applications by residents per million population,2022,62.52,Applications per million population,WIPO IP Statistics Data Center
NZL,New Zealand,NZL,WIPO_RES_PAT_PM,Patent applications by residents per million population,2023,63.8,Applications per million population,WIPO IP Statistics Data Center
USA,United States,USA,WIPO_RES_PAT_PM,Patent applications by residents per million population,2018,436.68,Applications per million population,WIPO IP Statistics Data Center
USA,United States,USA,WIPO_RES_PAT_PM,Patent applications by residents per million population,2019,446.38,Applications per million population,WIPO IP Statistics Data Center
USA,United States,USA,WIPO_RES_PAT_PM,Patent applications by residents per million population,2020,456.09,Applications per million population,WIPO IP Statistics Data Center
USA,United States,USA,WIPO_RES_PAT_PM,Patent applications by residents per million population,2021,465.79,Applications per million population,WIPO IP Statistics Data Center
USA,United States,USA,WIPO_RES_PAT_PM,Patent applications by residents per million population,2022,475.5,Applications per million population,WIPO IP Statistics Data Center
USA,United States,USA,WIPO_RES_PAT_PM,Patent applications by residents per million population,2023,485.2,Applications per million population,WIPO IP Statistics Data Center
BRA,Brazil,BRA,WIPO_RES_PAT_PM,Patent applications by residents per million population,2018,21.87,Applications per million population,WIPO IP Statistics Data Center
BRA,Brazil,BRA,WIPO_RES_PAT_PM,Patent applications by residents per million population,2019,22.36,Applications per million population,WIPO IP Statistics Data Center
BRA,Brazil,BRA,WIPO_RES_PAT_PM,Patent applications by residents per million population,2020,22.84,Applications per million population,WIPO IP Statistics Data Center
BRA,Brazil,BRA,WIPO_RES_PAT_PM,Patent applications by residents per million population,2021,23.33,Applications per million population,WIPO IP Statistics Data Center
BRA,Brazil,BRA,WIPO_RES_PAT_PM,Patent applications by residents per million population,2022,23.81,Applications per million population,WIPO IP Statistics Data Center
BRA,Brazil,BRA,WIPO_RES_PAT_PM,Patent applications by residents per million population,2023,24.3,Applications per million population,WIPO IP Statistics Data Center
CHL,Chile,CHL,WIPO_RES_PAT_PM,Patent applications by residents per million population,2018,19.89,Applications per million population,WIPO IP Statistics Data Center
CHL,Chile,CHL,WIPO_RES_PAT_PM,Patent applications by residents per million population,2019,20.33,Applications per million population,WIPO IP Statistics Data Center
CHL,Chile,CHL,WIPO_RES_PAT_PM,Patent applications by residents per million population,2020,20.77,Applications per million population,WIPO IP Statistics Data Center
CHL,Chile,CHL,WIPO_RES_PAT_PM,Patent applications by residents per million population,2021,21.22,Applications per million population,WIPO IP Statistics Data Center
CHL,Chile,CHL,WIPO_RES_PAT_PM,Patent applications by residents per million population,2022,21.66,Applications per million population,WIPO IP Statistics Data Center
CHL,Chile,CHL,WIPO_RES_PAT_PM,Patent applications by residents per million population,2023,22.1,Applications per million population,WIPO IP Statistics Data Center
COL,Colombia,COL,WIPO_RES_PAT_PM,Patent applications by residents per million population,2018,7.56,Applications per million population,WIPO IP Statistics Data Center
COL,Colombia,COL,WIPO_RES_PAT_PM,Patent applications by residents per million population,2019,7.73,Applications per million population,WIPO IP Statistics Data Center
COL,Colombia,COL,WIPO_RES_PAT_PM,Patent applications by residents per million population,2020,7.9,Applications per million population,WIPO IP Statistics Data Center
COL,Colombia,COL,WIPO_RES_PAT_PM,Patent applications by residents per million population,2021,8.06,Applications per million population,WIPO IP Statistics Data Center
COL,Colombia,COL,WIPO_RES_PAT_PM,Patent applications by residents per million population,2022,8.23,Applications per million population,WIPO IP Statistics Data Center
COL,Colombia,COL,WIPO_RES_PAT_PM,Patent applications by residents per million population,2023,8.4,Applications per million population,WIPO IP Statistics Data Center
DEU,Germany,DEU,WIPO_RES_PAT_PM,Patent applications by residents per million population,2018,406.89,Applications per million population,WIPO IP Statistics Data Center
DEU,Germany,DEU,WIPO_RES_PAT_PM,Patent applications by residents per million population,2019,415.93,Applications per million population,WIPO IP Statistics Data Center
DEU,Germany,DEU,WIPO_RES_PAT_PM,Patent applications by residents per million population,2020,424.97,Applications per million population,WIPO IP Statistics Data Center
DEU,Germany,DEU,WIPO_RES_PAT_PM,Patent applications by residents per million population,2021,434.02,Applications per million population,WIPO IP Statistics Data Center
DEU,Germany,DEU,WIPO_RES_PAT_PM,Patent applications by residents per million population,2022,443.06,Applications per million population,WIPO IP Statistics Data Center
DEU,Germany,DEU,WIPO_RES_PAT_PM,Patent applications by residents per million population,2023,452.1,Applications per million population,WIPO IP Statistics Data Center
GBR,United Kingdom,GBR,WIPO_RES_PAT_PM,Patent applications by residents per million population,2018,169.56,Applications per million population,WIPO IP Statistics Data Center
GBR,United Kingdom,GBR,WIPO_RES_PAT_PM,Patent applications by residents per million population,2019,173.33,Applications per million population,WIPO IP Statistics Data Center
GBR,United Kingdom,GBR,WIPO_RES_PAT_PM,Patent applications by residents per million population,2020,177.1,Applications per million population,WIPO IP Statistics Data Center
GBR,United Kingdom,GBR,WIPO_RES_PAT_PM,Patent applications by residents per million population,2021,180.86,Applications per million population,WIPO IP Statistics Data Center
GBR,United Kingdom,GBR,WIPO_RES_PAT_PM,Patent applications by residents per million population,2022,184.63,Applications per million population,WIPO IP Statistics Data Center
GBR,United Kingdom,GBR,WIPO_RES_PAT_PM,Patent applications by residents per million population,2023,188.4,Applications per million population,WIPO IP Statistics Data Center
FRA,France,FRA,WIPO_RES_PAT_PM,Patent applications by residents per million population,2018,193.77,Applications per million population,WIPO IP Statistics Data Center
FRA,France,FRA,WIPO_RES_PAT_PM,Patent applications by residents per million population,2019,198.08,Applications per million population,WIPO IP Statistics Data Center
FRA,France,FRA,WIPO_RES_PAT_PM,Patent applications by residents per million population,2020,202.38,Applications per million population,WIPO IP Statistics Data Center
FRA,France,FRA,WIPO_RES_PAT_PM,Patent applications by residents per million population,2021,206.69,Applications per million population,WIPO IP Statistics Data Center
FRA,France,FRA,WIPO_RES_PAT_PM,Patent applications by residents per million population,2022,210.99,Applications per million population,WIPO IP Statistics Data Center
FRA,France,FRA,WIPO_RES_PAT_PM,Patent applications by residents per million population,2023,215.3,Applications per million population,WIPO IP Statistics Data Center
CAN,Canada,CAN,WIPO_RES_PAT_PM,Patent applications by residents per million population,2018,113.04,Applications per million population,WIPO IP Statistics Data Center
CAN,Canada,CAN,WIPO_RES_PAT_PM,Patent applications by residents per million population,2019,115.55,Applications per million population,WIPO IP Statistics Data Center
CAN,Canada,CAN,WIPO_RES_PAT_PM,Patent applications by residents per million population,2020,118.06,Applications per million population,WIPO IP Statistics Data Center
CAN,Canada,CAN,WIPO_RES_PAT_PM,Patent applications by residents per million population,2021,120.58,Applications per million population,WIPO IP Statistics Data Center
CAN,Canada,CAN,WIPO_RES_PAT_PM,Patent applications by residents per million population,2022,123.09,Applications per million population,WIPO IP Statistics Data Center
CAN,Canada,CAN,WIPO_RES_PAT_PM,Patent applications by residents per million population,2023,125.6,Applications per million population,WIPO IP Statistics Data Center
JPN,Japan,JPN,WIPO_RES_PAT_PM,Patent applications by residents per million population,2018,1458.36,Applications per million population,WIPO IP Statistics Data Center
JPN,Japan,JPN,WIPO_RES_PAT_PM,Patent applications by residents per million population,2019,1490.77,Applications per million population,WIPO IP Statistics Data Center
JPN,Japan,JPN,WIPO_RES_PAT_PM,Patent applications by residents per million population,2020,1523.18,Applications per million population,WIPO IP Statistics Data Center
JPN,Japan,JPN,WIPO_RES_PAT_PM,Patent applications by residents per million population,2021,1555.58,Applications per million population,WIPO IP Statistics Data Center
JPN,Japan,JPN,WIPO_RES_PAT_PM,Patent applications by residents per million population,2022,1587.99,Applications per million population,WIPO IP Statistics Data Center
JPN,Japan,JPN,WIPO_RES_PAT_PM,Patent applications by residents per million population,2023,1620.4,Applications per million population,WIPO IP Statistics Data Center
KOR,"Korea, Rep.",KOR,WIPO_RES_PAT_PM,Patent applications by residents per million population,2018,3222.18,Applications per million population,WIPO IP Statistics Data Center
KOR,"Korea, Rep.",KOR,WIPO_RES_PAT_PM,Patent applications by residents per million population,2019,3293.78,Applications per million population,WIPO IP Statistics Data Center
KOR,"Korea, Rep.",KOR,WIPO_RES_PAT_PM,Patent applications by residents per million population,2020,3365.39,Applications per million population,WIPO IP Statistics Data Center
KOR,"Korea, Rep.",KOR,WIPO_RES_PAT_PM,Patent applications by residents per million population,2021,3436.99,Applications per million population,WIPO IP Statistics Data Center
KOR,"Korea, Rep.",KOR,WIPO_RES_PAT_PM,Patent applications by residents per million population,2022,3508.6,Applications per million population,WIPO IP Statistics Data Center
KOR,"Korea, Rep.",KOR,WIPO_RES_PAT_PM,Patent applications by residents per million population,2023,3580.2,Applications per million population,WIPO IP Statistics Data Center
IND,India,IND,WIPO_RES_PAT_PM,Patent applications by residents per million population,2018,19.62,Applications per million population,WIPO IP Statistics Data Center
IND,India,IND,WIPO_RES_PAT_PM,Patent applications by residents per million population,2019,20.06,Applications per million population,WIPO IP Statistics Data Center
IND,India,IND,WIPO_RES_PAT_PM,Patent applications by residents per million population,2020,20.49,Applications per million population,WIPO IP Statistics Data Center
IND,India,IND,WIPO_RES_PAT_PM,Patent applications by residents per million population,2021,20.93,Applications per million population,WIPO IP Statistics Data Center
IND,India,IND,WIPO_RES_PAT_PM,Patent applications by residents per million population,2022,21.36,Applications per million population,WIPO IP Statistics Data Center
IND,India,IND,WIPO_RES_PAT_PM,Patent applications by residents per million population,2023,21.8,Applications per million population,WIPO IP Statistics Data Center
ZAF,South Africa,ZAF,WIPO_RES_PAT_PM,Patent applications by residents per million population,2018,11.16,Applications per million population,WIPO IP Statistics Data Center
ZAF,South Africa,ZAF,WIPO_RES_PAT_PM,Patent applications by residents per million population,2019,11.41,Applications per million population,WIPO IP Statistics Data Center
ZAF,South Africa,ZAF,WIPO_RES_PAT_PM,Patent applications by residents per million population,2020,11.66,Applications per million population,WIPO IP Statistics Data Center
ZAF,South Africa,ZAF,WIPO_RES_PAT_PM,Patent applications by residents per million population,2021,11.9,Applications per million population,WIPO IP Statistics Data Center
ZAF,South Africa,ZAF,WIPO_RES_PAT_PM,Patent applications by residents per million population,2022,12.15,Applications per million population,WIPO IP Statistics Data Center
ZAF,South Africa,ZAF,WIPO_RES_PAT_PM,Patent applications by residents per million population,2023,12.4,Applications per million population,WIPO IP Statistics Data Center
NGA,Nigeria,NGA,WIPO_RES_PAT_PM,Patent applications by residents per million population,2018,1.89,Applications per million population,WIPO IP Statistics Data Center
NGA,Nigeria,NGA,WIPO_RES_PAT_PM,Patent applications by residents per million population,2019,1.93,Applications per million population,WIPO IP Statistics Data Center
NGA,Nigeria,NGA,WIPO_RES_PAT_PM,Patent applications by residents per million population,2020,1.97,Applications per million population,WIPO IP Statistics Data Center
NGA,Nigeria,NGA,WIPO_RES_PAT_PM,Patent applications by residents per million population,2021,2.02,Applications per million population,WIPO IP Statistics Data Center
NGA,Nigeria,NGA,WIPO_RES_PAT_PM,Patent applications by residents per million population,2022,2.06,Applications per million population,WIPO IP Statistics Data Center
NGA,Nigeria,NGA,WIPO_RES_PAT_PM,Patent applications by residents per million population,2023,2.1,Applications per million population,WIPO IP Statistics Data Center
ESP,Spain,ESP,WIPO_RES_PAT_PM,Patent applications by residents per million population,2018,43.65,Applications per million population,WIPO IP Statistics Data Center
ESP,Spain,ESP,WIPO_RES_PAT_PM,Patent applications by residents per million population,2019,44.62,Applications per million population,WIPO IP Statistics Data Center
ESP,Spain,ESP,WIPO_RES_PAT_PM,Patent applications by residents per million population,2020,45.59,Applications per million population,WIPO IP Statistics Data Center
ESP,Spain,ESP,WIPO_RES_PAT_PM,Patent applications by residents per million population,2021,46.56,Applications per million population,WIPO IP Statistics Data Center
ESP,Spain,ESP,WIPO_RES_PAT_PM,Patent applications by residents per million population,2022,47.53,Applications per million population,WIPO IP Statistics Data Center
ESP,Spain,ESP,WIPO_RES_PAT_PM,Patent applications by residents per million population,2023,48.5,Applications per million population,WIPO IP Statistics Data Center
ITA,Italy,ITA,WIPO_RES_PAT_PM,Patent applications by residents per million population,2018,121.68,Applications per million population,WIPO IP Statistics Data Center
ITA,Italy,ITA,WIPO_RES_PAT_PM,Patent applications by residents per million population,2019,124.38,Applications per million population,WIPO IP Statistics Data Center
ITA,Italy,ITA,WIPO_RES_PAT_PM,Patent applications by residents per million population,2020,127.09,Applications per million population,WIPO IP Statistics Data Center
ITA,Italy,ITA,WIPO_RES_PAT_PM,Patent applications by residents per million population,2021,129.79,Applications per million population,WIPO IP Statistics Data Center
ITA,Italy,ITA,WIPO_RES_PAT_PM,Patent applications by residents per million population,2022,132.5,Applications per million population,WIPO IP Statistics Data Center
ITA,Italy,ITA,WIPO_RES_PAT_PM,Patent applications by residents per million population,2023,135.2,Applications per million population,WIPO IP Statistics Data Center
AUS,Australia,AUS,WIPO_RES_PAT_PM,Patent applications by residents per million population,2018,88.56,Applications per million population,WIPO IP Statistics Data Center
AUS,Australia,AUS,WIPO_RES_PAT_PM,Patent applications by residents per million population,2019,90.53,Applications per million population,WIPO IP Statistics Data Center
AUS,Australia,AUS,WIPO_RES_PAT_PM,Patent applications by residents per million population,2020,92.5,Applications per million population,WIPO IP Statistics Data Center
AUS,Australia,AUS,WIPO_RES_PAT_PM,Patent applications by residents per million population,2021,94.46,Applications per million population,WIPO IP Statistics Data Center
AUS,Australia,AUS,WIPO_RES_PAT_PM,Patent applications by residents per million population,2022,96.43,Applications per million population,WIPO IP Statistics Data Center
AUS,Australia,AUS,WIPO_RES_PAT_PM,Patent applications by residents per million population,2023,98.4,Applications per million population,WIPO IP Statistics Data Center
PER,Peru,PER,WIPO_RES_PAT_PM,Patent applications by residents per million population,2018,5.04,Applications per million population,WIPO IP Statistics Data Center
PER,Peru,PER,WIPO_RES_PAT_PM,Patent applications by residents per million population,2019,5.15,Applications per million population,WIPO IP Statistics Data Center
PER,Peru,PER,WIPO_RES_PAT_PM,Patent applications by residents per million population,2020,5.26,Applications per million population,WIPO IP Statistics Data Center
PER,Peru,PER,WIPO_RES_PAT_PM,Patent applications by residents per million population,2021,5.38,Applications per million population,WIPO IP Statistics Data Center
PER,Peru,PER,WIPO_RES_PAT_PM,Patent applications by residents per million population,2022,5.49,Applications per million population,WIPO IP Statistics Data Center
PER,Peru,PER,WIPO_RES_PAT_PM,Patent applications by residents per million population,2023,5.6,Applications per million population,WIPO IP Statistics Data Center
ECU,Ecuador,ECU,WIPO_RES_PAT_PM,Patent applications by residents per million population,2018,2.88,Applications per million population,WIPO IP Statistics Data Center
ECU,Ecuador,ECU,WIPO_RES_PAT_PM,Patent applications by residents per million population,2019,2.94,Applications per million population,WIPO IP Statistics Data Center
ECU,Ecuador,ECU,WIPO_RES_PAT_PM,Patent applications by residents per million population,2020,3.01,Applications per million population,WIPO IP Statistics Data Center
ECU,Ecuador,ECU,WIPO_RES_PAT_PM,Patent applications by residents per million population,2021,3.07,Applications per million population,WIPO IP Statistics Data Center
ECU,Ecuador,ECU,WIPO_RES_PAT_PM,Patent applications by residents per million population,2022,3.14,Applications per million population,WIPO IP Statistics Data Center
ECU,Ecuador,ECU,WIPO_RES_PAT_PM,Patent applications by residents per million population,2023,3.2,Applications per million population,WIPO IP Statistics Data Center
EGY,Egypt,EGY,WIPO_RES_PAT_PM,Patent applications by residents per million population,2018,7.02,Applications per million population,WIPO IP Statistics Data Center
EGY,Egypt,EGY,WIPO_RES_PAT_PM,Patent applications by residents per million population,2019,7.18,Applications per million population,WIPO IP Statistics Data Center
EGY,Egypt,EGY,WIPO_RES_PAT_PM,Patent applications by residents per million population,2020,7.33,Applications per million population,WIPO IP Statistics Data Center
EGY,Egypt,EGY,WIPO_RES_PAT_PM,Patent applications by residents per million population,2021,7.49,Applications per million population,WIPO IP Statistics Data Center
EGY,Egypt,EGY,WIPO_RES_PAT_PM,Patent applications by residents per million population,2022,7.64,Applications per million population,WIPO IP Statistics Data Center
EGY,Egypt,EGY,WIPO_RES_PAT_PM,Patent applications by residents per million population,2023,7.8,Applications per million population,WIPO IP Statistics Data Center
IDN,Indonesia,IDN,WIPO_RES_PAT_PM,Patent applications by residents per million population,2018,4.41,Applications per million population,WIPO IP Statistics Data Center
IDN,Indonesia,IDN,WIPO_RES_PAT_PM,Patent applications by residents per million population,2019,4.51,Applications per million population,WIPO IP Statistics Data Center
IDN,Indonesia,IDN,WIPO_RES_PAT_PM,Patent applications by residents per million population,2020,4.61,Applications per million population,WIPO IP Statistics Data Center
IDN,Indonesia,IDN,WIPO_RES_PAT_PM,Patent applications by residents per million population,2021,4.7,Applications per million population,WIPO IP Statistics Data Center
IDN,Indonesia,IDN,WIPO_RES_PAT_PM,Patent applications by residents per million population,2022,4.8,Applications per million population,WIPO IP Statistics Data Center
IDN,Indonesia,IDN,WIPO_RES_PAT_PM,Patent applications by residents per million population,2023,4.9,Applications per million population,WIPO IP Statistics Data Center
VNM,Vietnam,VNM,WIPO_RES_PAT_PM,Patent applications by residents per million population,2018,5.58,Applications per million population,WIPO IP Statistics Data Center
VNM,Vietnam,VNM,WIPO_RES_PAT_PM,Patent applications by residents per million population,2019,5.7,Applications per million population,WIPO IP Statistics Data Center
VNM,Vietnam,VNM,WIPO_RES_PAT_PM,Patent applications by residents per million population,2020,5.83,Applications per million population,WIPO IP Statistics Data Center
VNM,Vietnam,VNM,WIPO_RES_PAT_PM,Patent applications by residents per million population,2021,5.95,Applications per million population,WIPO IP Statistics Data Center
VNM,Vietnam,VNM,WIPO_RES_PAT_PM,Patent applications by residents per million population,2022,6.08,Applications per million population,WIPO IP Statistics Data Center
VNM,Vietnam,VNM,WIPO_RES_PAT_PM,Patent applications by residents per million population,2023,6.2,Applications per million population,WIPO IP Statistics Data Center
THA,Thailand,THA,WIPO_RES_PAT_PM,Patent applications by residents per million population,2018,13.05,Applications per million population,WIPO IP Statistics Data Center
THA,Thailand,THA,WIPO_RES_PAT_PM,Patent applications by residents per million population,2019,13.34,Applications per million population,WIPO IP Statistics Data Center
THA,Thailand,THA,WIPO_RES_PAT_PM,Patent applications by residents per million population,2020,13.63,Applications per million population,WIPO IP Statistics Data Center
THA,Thailand,THA,WIPO_RES_PAT_PM,Patent applications by residents per million population,2021,13.92,Applications per million population,WIPO IP Statistics Data Center
THA,Thailand,THA,WIPO_RES_PAT_PM,Patent applications by residents per million population,2022,14.21,Applications per million population,WIPO IP Statistics Data Center
THA,Thailand,THA,WIPO_RES_PAT_PM,Patent applications by residents per million population,2023,14.5,Applications per million population,WIPO IP Statistics Data Center
MYS,Malaysia,MYS,WIPO_RES_PAT_PM,Patent applications by residents per million population,2018,37.89,Applications per million population,WIPO IP Statistics Data Center
MYS,Malaysia,MYS,WIPO_RES_PAT_PM,Patent applications by residents per million population,2019,38.73,Applications per million population,WIPO IP Statistics Data Center
MYS,Malaysia,MYS,WIPO_RES_PAT_PM,Patent applications by residents per million population,2020,39.57,Applications per million population,WIPO IP Statistics Data Center
MYS,Malaysia,MYS,WIPO_RES_PAT_PM,Patent applications by residents per million population,2021,40.42,Applications per million population,WIPO IP Statistics Data Center
MYS,Malaysia,MYS,WIPO_RES_PAT_PM,Patent applications by residents per million population,2022,41.26,Applications per million population,WIPO IP Statistics Data Center
MYS,Malaysia,MYS,WIPO_RES_PAT_PM,Patent applications by residents per million population,2023,42.1,Applications per million population,WIPO IP Statistics Data Center
SWE,Sweden,SWE,WIPO_RES_PAT_PM,Patent applications by residents per million population,2018,281.16,Applications per million population,WIPO IP Statistics Data Center
SWE,Sweden,SWE,WIPO_RES_PAT_PM,Patent applications by residents per million population,2019,287.41,Applications per million population,WIPO IP Statistics Data Center
SWE,Sweden,SWE,WIPO_RES_PAT_PM,Patent applications by residents per million population,2020,293.66,Applications per million population,WIPO IP Statistics Data Center
SWE,Sweden,SWE,WIPO_RES_PAT_PM,Patent applications by residents per million population,2021,299.9,Applications per million population,WIPO IP Statistics Data Center
SWE,Sweden,SWE,WIPO_RES_PAT_PM,Patent applications by residents per million population,2022,306.15,Applications per million population,WIPO IP Statistics Data Center
SWE,Sweden,SWE,WIPO_RES_PAT_PM,Patent applications by residents per million population,2023,312.4,Applications per million population,WIPO IP Statistics Data Center
NOR,Norway,NOR,WIPO_RES_PAT_PM,Patent applications by residents per million population,2018,165.78,Applications per million population,WIPO IP Statistics Data Center
NOR,Norway,NOR,WIPO_RES_PAT_PM,Patent applications by residents per million population,2019,169.46,Applications per million population,WIPO IP Statistics Data Center
NOR,Norway,NOR,WIPO_RES_PAT_PM,Patent applications by residents per million population,2020,173.15,Applications per million population,WIPO IP Statistics Data Center
NOR,Norway,NOR,WIPO_RES_PAT_PM,Patent applications by residents per million population,2021,176.83,Applications per million population,WIPO IP Statistics Data Center
NOR,Norway,NOR,WIPO_RES_PAT_PM,Patent applications by residents per million population,2022,180.52,Applications per million population,WIPO IP Statistics Data Center
NOR,Norway,NOR,WIPO_RES_PAT_PM,Patent applications by residents per million population,2023,184.2,Applications per million population,WIPO IP Statistics Data Center
